year,top_port_name,capacity_teu
2018,Busan,1799316.3333333333
2019,Busan,1826905.5833333333
2020,Busan,1794197.7
